,by,descendants,id,kids,score,time,title,type,url,text
0,williamsmj,54.0,40561872,"[40562801, 40562825, 40563064, 40562829, 40562214, 40562637, 40562246, 40562212, 40562836, 40562595, 40562194, 40562466, 40562453, 40562539]",257,1717416477,How many photons are received per bit transmitted from Voyager 1?,story,https://physics.stackexchange.com/questions/816698/how-many-photons-are-received-per-bit-transmitted-from-voyager-1,
1,RyanHamilton,18.0,40562210,"[40563127, 40563063, 40562221, 40562878, 40562682, 40562465, 40562438, 40562733, 40562587, 40562946, 40562423, 40562796, 40562760, 40562688, 40562849]",80,1717419363,Show HN: 10 Years to Build a Free SQL Editor,story,https://www.timestored.com/qstudio/release-version-3,"I have spent large parts of the last 10+ years building an SQL Editor. The tool is targeted at data analysts, a lot of effort has gone into charting, visualizing and excel export. If this sounds useful to you, it&#x27;s Free, please give it a try and let me know any feedback."
2,todsacerdoti,28.0,40560300,"[40561116, 40562905, 40561146, 40562771, 40562818, 40562108, 40562134, 40561762, 40561187, 40561266]",187,1717401226,Making USB devices – end to end guide to your first gadget,story,https://popovicu.com/posts/making-usb-devices/,
3,thunderbong,58.0,40560913,"[40561376, 40561955, 40561384, 40561287, 40562325, 40562420, 40562360, 40562149, 40561201, 40561164, 40561639, 40561502, 40561985, 40562382, 40561813]",90,1717407756,Why Ruby's Timeout is dangerous (and Thread.raise is terrifying) (2015),story,https://jvns.ca/blog/2015/11/27/why-rubys-timeout-is-dangerous-and-thread-dot-raise-is-terrifying/,
4,ericciarla,36.0,40559015,"[40562291, 40559270, 40562451, 40559279, 40560069, 40559589, 40561382, 40561454, 40562903, 40561426, 40559532, 40561003, 40561493, 40559958, 40562938]",255,1717384455,Learn CSS Grid with a virtual garden game,story,https://cssgridgarden.com/,
5,gballan,89.0,40557134,"[40557536, 40558151, 40557729, 40558383, 40562114, 40561795, 40557664, 40558236, 40558676, 40558328, 40559118, 40561506, 40558869, 40559296, 40557957, 40557781, 40558003, 40558039, 40560439, 40558374, 40558551]",413,1717361683,An intuitive guide to Maxwell's equations (2020),story,https://photonlines.substack.com/p/an-intuitive-guide-to-maxwells-equations,
6,redbell,0.0,40562988,,5,1717425046,The Decline of the User Interface,story,https://www.infoworld.com/article/3715333/the-decline-of-the-user-interface.html,
7,meatjuice,17.0,40552377,"[40561503, 40562824, 40562401, 40560504, 40560335, 40560620]",113,1717316031,The Sword of Kumdor,story,https://lynn.github.io/kumdor/,
8,Mr_Minderbinder,19.0,40559657,"[40563108, 40562048, 40562787, 40562696, 40562244, 40561547, 40562743, 40561979, 40562215, 40562102, 40562363]",48,1717393047,"Qimgv – Fast, simple image viewer",story,https://github.com/easymodo/qimgv,
9,mikece,1.0,40562890,[40563111],8,1717424465,Linux Mint Disabling Unverified Flatpaks by Default,story,https://www.phoronix.com/news/Linux-Mint-Unverified-Flatpaks,
10,geox,40.0,40561906,"[40562077, 40562199, 40562192, 40562247, 40562125, 40562195, 40562258]",81,1717416753,Auto-brewery syndrome in a 50-year-old woman,story,https://www.cmaj.ca/content/196/21/E724#msdynttrid,
11,atan2,64.0,40544716,"[40556917, 40558501, 40557268, 40559870, 40556794, 40557610, 40558406, 40556885, 40558344, 40557172, 40559944, 40557481, 40558992, 40558741, 40556914, 40557262, 40558870, 40558856, 40557125]",267,1717240578,Everything I know about the fast inverse square root algorithm,story,https://github.com/francisrstokes/githublog/blob/main/2024%2F5%2F29%2Ffast-inverse-sqrt.md,
12,benbreen,19.0,40556516,"[40562322, 40563037, 40562175, 40562256, 40562624, 40562713, 40561331, 40561635, 40561850]",23,1717355509,Just Live,story,https://drb.ie/articles/just-live/,
13,davikr,6.0,40553238,"[40563018, 40562310, 40562129]",11,1717327971,Scents and Memories at the Hospital,story,https://scopeblog.stanford.edu/2019/10/09/scents-and-memories-at-the-hospital/,
14,jacky2wong,3.0,40562444,"[40562895, 40562918]",16,1717421416,AWS Chalice,story,https://github.com/aws/chalice,
15,spcebar,516.0,40555435,"[40558965, 40557571, 40557491, 40558048, 40557180, 40558509, 40557896, 40559393, 40562712, 40558811, 40562268, 40557557, 40563071, 40562742, 40557267, 40556697, 40558470, 40557500, 40557193, 40557075, 40557377, 40557912, 40557898, 40562449, 40556704, 40558690, 40560280, 40559660, 40556558, 40557894, 40556578, 40559585, 40562448, 40562484, 40558304, 40558083, 40560758, 40557808, 40561014, 40555786, 40560648, 40557111, 40557685, 40556533, 40559916, 40557040, 40560377, 40560378, 40556733, 40556544, 40560104, 40558540, 40557251, 40560780, 40560806, 40558799, 40558504, 40562973, 40559467, 40556581, 40559725, 40561571, 40560210, 40557420, 40562312, 40560249, 40558205, 40558207, 40560419, 40558310, 40560276, 40559593, 40560286, 40562485, 40561554, 40557829, 40558829, 40562519, 40557392, 40559194, 40557297, 40559729, 40557905, 40561614, 40561081, 40559235, 40559130, 40557339, 40560548, 40556560, 40561424, 40561563, 40559008, 40557101, 40557795, 40559477, 40558113, 40560162, 40557574, 40556675, 40557642, 40557902, 40557198, 40560994, 40559196, 40557811, 40557607, 40559949, 40561925, 40558333, 40558218, 40559663, 40560412, 40558844, 40557639, 40561463, 40556593, 40559952, 40557370, 40557653, 40557660, 40557738, 40557923, 40558062, 40556694, 40556835, 40556990, 40556054, 40556766, 40559417, 40562250]",386,1717346581,Ask HN: What was your most humbling learning moment?,story,,"I&#x27;ve worked on large products for large and small companies and written tens of thousands of lines of code across my career, solving complex, abstract, challenging technical problems in a variety of languages on a variety of platforms, sometimes under difficult conditions. I have often been a resource for my friends and co-workers when they have programming or technical questions.<p>I only recently learned how to correctly raise and lower window blinds--I had been doing it wrong my entire life. It was maybe the dumbest I have ever felt, and was a humbling reminder of how much I don&#x27;t know about how much I don&#x27;t know.<p>Have you had similar experiences?"
16,RobertJaTomsons,7.0,40562029,"[40562861, 40563077, 40562921, 40563003]",19,1717417830,Generate an OpenSCAD case template from a KiCAD PCB,story,https://sr.ht/~martijnbraam/turbocase/,
17,josh-sematic,0.0,40562877,,4,1717424377,NASA+,story,https://plus.nasa.gov/,
18,todsacerdoti,49.0,40556995,"[40557719, 40557364, 40561887, 40561059, 40560116, 40557428, 40557332, 40559258, 40559308, 40558033, 40561024, 40559175, 40558698, 40561333, 40557547, 40557849, 40561442, 40557870, 40557579, 40558050, 40557984]",180,1717360019,"HN-text: an easy-to-use, text-first Hacker News terminal client",story,https://github.com/piqoni/hn-text,
19,lnyan,112.0,40543196,"[40543697, 40561956, 40563096, 40543208, 40557773, 40557844, 40556922, 40560533, 40543828, 40557014, 40557627, 40545866, 40544240, 40561811, 40560199, 40560398, 40560107, 40557283, 40557329, 40559791, 40557144, 40543970, 40557588, 40560654, 40560068, 40546378, 40559299, 40557033, 40557859, 40557084, 40558896, 40557512, 40560223, 40557650, 40544170, 40543858, 40557473, 40543968, 40557937, 40559380]",245,1717220596,L(O*62).ONG: Make your URL longer,story,https://loooooooooooooooooooooooooooooooooooooooooooooooooooooooooooooo.ong,
20,zdw,29.0,40558102,"[40560373, 40560850, 40560543, 40560480, 40560583, 40560346]",75,1717372618,Formlabs Form 4 Teardown,story,https://www.bunniestudios.com/blog/2024/formlabs-form-4-teardown/,
21,HaoZeke,22.0,40557770,"[40560117, 40559329, 40558479, 40558961, 40559838, 40559609, 40558949, 40559396, 40562240]",56,1717368929,Lowering resource usage with foot and systemd,story,https://rgoswami.me/posts/lowering-resource-usage-foot-systemd/,
22,fanf2,47.0,40553027,"[40560106, 40561242, 40561828, 40561658, 40559851, 40560114, 40559825, 40561744]",82,1717324922,Will we have a negative leap second? [pdf] (2022),story,https://www.gps.gov/cgsic/meetings/2022/matsakis.pdf,
23,rx_tx,198.0,40559368,"[40559793, 40562976, 40562118, 40559721, 40560444, 40559557, 40559698, 40562475, 40561512, 40559539, 40561667, 40560093, 40559726, 40559595, 40560228, 40562103, 40561941, 40560499, 40559561, 40559671]",266,1717389244,"AMD Unveils Ryzen 9000 CPUs for Desktop, Zen 5",story,https://www.anandtech.com/show/21415/amd-unveils-ryzen-9000-cpus-for-desktop-zen-5-takes-center-stage-at-computex-2024,
24,todsacerdoti,49.0,40554396,"[40555381, 40555519, 40561263, 40555032, 40555692, 40558300, 40555052, 40554968, 40555151]",177,1717338081,SPI Flash,story,https://trmm.net/SPI_flash/,
25,tosh,24.0,40556687,"[40558296, 40557965, 40560809, 40559068, 40559115, 40559453]",85,1717357021,cuDF – GPU DataFrame Library,story,https://github.com/rapidsai/cudf,
26,sohkamyung,13.0,40553863,"[40562462, 40561857, 40555971, 40558114, 40554993, 40559106, 40559689, 40559074, 40559513]",122,1717334238,Lord Kelvin and his analog computer,story,https://spectrum.ieee.org/tide-predictions,
27,todsacerdoti,25.0,40544896,"[40559353, 40557789, 40557618, 40558545, 40557163, 40557444, 40557405, 40557211, 40557264]",107,1717242187,Why is Snapshot Isolation not enough?,story,http://concurrencyfreaks.blogspot.com/2023/12/why-is-snapshot-isolation-not-enough.html,
28,tosh,34.0,40553448,"[40556095, 40555839, 40559643, 40554921, 40556483, 40554172, 40554206, 40556232, 40554824, 40554679, 40555796, 40556640]",167,1717330027,Copy-and-Patch: Fast compilation for high-level languages and bytecode (2020),story,https://arxiv.org/abs/2011.13127,
29,jnord,8.0,40541187,"[40560088, 40558940, 40560839, 40559311]",70,1717196080,An accident of lighting uncovers origins of the astrolabe,story,https://nautil.us/the-smartphone-of-the-middle-ages-625924/,
30,nmstoker,7.0,40552548,"[40561401, 40552591, 40553878]",89,1717318056,FineWeb: Decanting the web for the finest text data at scale,story,https://huggingface.co/spaces/HuggingFaceFW/blogpost-fineweb-v1,
31,signa11,2.0,40552581,"[40562793, 40559231]",35,1717318552,A Deep Dive into (Implicit) Thread Local Storage,story,https://chao-tic.github.io/blog/2018/12/25/tls,
32,pausing,18.0,40548372,"[40557041, 40558438, 40559436, 40558401]",50,1717269783,Horseshoe crab counting with New York’s citizen scientists,story,https://www.thecity.nyc/2024/05/29/horseshoe-crab-jamaica-bay-festival/,
33,luu,45.0,40557969,"[40558466, 40558192, 40559032, 40558288, 40560193, 40558636, 40559479, 40558075, 40560598, 40558317, 40558112, 40559639, 40558240]",117,1717371060,Eight years of organizing tech meetups (2023),story,https://notes.eatonphil.com/eight-years-of-tech-meetups.html,
34,davikr,160.0,40553709,"[40555270, 40555787, 40555590, 40558559, 40556083, 40558389, 40555670, 40555800, 40556055, 40556144, 40557695, 40555760, 40555203, 40555196, 40555825, 40555188, 40558107, 40556389, 40555773, 40555458, 40555515]",153,1717332805,Circle C++ with memory safety,story,https://www.circle-lang.org/site/intro/,
35,zmodem,118.0,40560768,"[40561159, 40560908, 40560922, 40561318, 40561076, 40561650, 40560920, 40561334, 40560918, 40561754, 40560969, 40561508, 40561546, 40561222, 40561197, 40561495, 40561753, 40561148, 40561171, 40561854, 40560912, 40560928, 40561375, 40561349, 40561109, 40561010, 40560896, 40561734, 40561239, 40560847, 40561291]",425,1717406573,I'm forking Ladybird and stepping down as SerenityOS BDFL,story,https://awesomekling.substack.com/p/forking-ladybird-and-stepping-down-serenityos,
36,todsacerdoti,23.0,40557277,"[40560531, 40560388, 40557877, 40561206, 40560682, 40559921, 40559178, 40561482, 40559148, 40558817, 40561267, 40559463]",44,1717363201,Rust is not about memory safety,story,https://o-santi.github.io/blog/rust-is-not-about-memory-safety/,
37,todsacerdoti,17.0,40555913,"[40556576, 40560209, 40556632, 40557328, 40558228, 40558739]",113,1717350246,Upgrading my Chumby 8 kernel part 10: RTC,story,https://www.downtowndougbrown.com/2024/06/upgrading-my-chumby-8-kernel-part-10-rtc/,
38,drdee,35.0,40543299,"[40548837, 40549724, 40548850, 40556542, 40547420]",69,1717222230,Call Your Local Wizard,story,https://slate.com/culture/2024/05/witches-wizards-magic-middle-ages-cunning-folk-book.html,
39,RA2lover,41.0,40555131,"[40558828, 40557737, 40557700, 40558027, 40557212, 40556284, 40557237, 40558650, 40558515, 40556976, 40556948, 40557185, 40558103, 40562270, 40558202, 40557145, 40558047]",100,1717343861,Here comes the Muybridge camera moment but for text,story,https://interconnected.org/home/2024/05/31/camera,
40,gabrielpedepera,12.0,40557451,"[40559263, 40558150, 40558173, 40558175]",57,1717365226,Protecting sensitive data in Elixir GenServers (2023),story,https://gabrielpereira.dev/en/posts/protecting-sensitive-data-in-elixir-gen-servers/,
41,beardyw,1.0,40561144,[40562275],8,1717409774,Baidu robo-cars can be crashed with tinfoil and cardboard,story,https://www.theregister.com/2024/06/03/baidu_robotaxi_attack/,
42,thunderbong,77.0,40551112,"[40555832, 40553615, 40553925, 40553035, 40551748, 40559968, 40559688, 40553325, 40554980, 40554511, 40552740, 40552787, 40554498, 40552067, 40551506, 40551504, 40551682, 40553227, 40553561, 40555598]",130,1717298995,Unlocking the Duron and Athlon using the pencil (2007),story,http://computer-communication.blogspot.com/2007/06/unlocking-duron-and-athlon-using-pencil_08.html,
43,gmays,21.0,40558070,"[40563068, 40562832, 40560318, 40558513, 40560339, 40562634, 40558209, 40561089, 40558206, 40558553, 40558451, 40558425]",28,1717372238,Why Do People Hate Nickelback So Much? A Statistical Analysis,story,https://www.statsignificant.com/p/why-do-people-hate-nickelback-so-1e9,
44,bpierre,153.0,40555116,"[40555651, 40562612, 40555606, 40555609, 40555454, 40555535, 40558852, 40560464, 40557465, 40555482, 40555541, 40555486, 40555647, 40555634, 40555206, 40557108, 40555469, 40559993, 40561083, 40555607, 40555495, 40558230, 40555543, 40556015, 40555666, 40555441, 40561134, 40557676, 40557069, 40557539, 40555578, 40555555, 40555470, 40555564, 40555961, 40555548, 40555528, 40555641, 40555547]",225,1717343756,Hotwire: HTML Over The Wire,story,https://hotwired.dev/,
45,federicoponzi,4.0,40527220,"[40556625, 40549641, 40556768]",67,1717094467,Distributed Snapshots: Chandy-Lamport Protocol,story,https://blog.fponzi.me/2024-05-30-distributed-snapshots.html,
46,SiempreViernes,11.0,40560951,"[40562206, 40561576, 40561320, 40561327, 40561994, 40561251, 40561538]",17,1717408035,Cis-lunar space and the security dilemma,story,https://thebulletin.org/premium/2022-01/cis-lunar-space-and-the-security-dilemma/,
47,throw0101c,35.0,40555506,"[40557311, 40556773, 40556566, 40556740]",164,1717347184,"Workmanship standard for crimping, interconnecting cables, harnesses, and wiring",story,https://standards.nasa.gov/standard/NASA/NASA-STD-87394,
48,samclemens,31.0,40531124,"[40556722, 40556986, 40556883, 40557335, 40557255, 40560970, 40557062]",36,1717125041,The largest stegosaurus fossil ever found heads to auction,story,https://www.nytimes.com/2024/05/29/science/stegosaurus-fossil-auction-sothebys.html,
49,fellerts,79.0,40533139,"[40548377, 40549034, 40548536, 40553118, 40549131, 40555476, 40549468, 40554963, 40553533, 40551117, 40548503, 40555302, 40549133, 40548829, 40548888, 40549171, 40555081, 40549356, 40548581, 40552018, 40552981, 40549262, 40562146, 40551098, 40549632, 40555587]",621,1717149439,Repairing my mug with Kintsugi,story,https://fellerts.no/projects/kintsugi.php,
50,jdblair,30.0,40543854,"[40557456, 40557576, 40558005, 40561158, 40547892, 40556263, 40560555, 40556695, 40557691, 40557578]",129,1717229803,"The Canon Cat, the forgotten 1987 alternate-reality Mac (2019)",story,https://www.fastcompany.com/90380553/meet-the-canon-cat-the-forgotten-1987-alternate-reality-mac,
51,dasfelix,0.0,40556672,,20,1717356857,Show HN: Open-source WeTransfer alternative that runs everywhere,story,https://github.com/Das-Felix/ownshare,"OwnShare is an open-source filesharing software that can be used as a self hosted WeTransfer alternative that can be run on any PHP Environment like a simple, cheap WebSpace. It uses php and static built SvelteKit."
52,pfych,72.0,40558607,"[40558646, 40559138, 40560394, 40561082, 40559756, 40558804, 40560650, 40559102, 40559430, 40560793, 40559085, 40560070, 40559276, 40558994, 40561769, 40560442]",235,1717378791,Quake in 13kb (2021),story,https://js13kgames.com/entries/q1k3,
53,divbzero,68.0,40552108,"[40560134, 40560450, 40563072, 40560816, 40553294, 40559317]",103,1717312916,China lands Chang'e 6 sample-return probe on far side of the moon,story,https://www.space.com/china-change-6-lands-on-moon-far-side-sample-return-mission,
54,mgl,13.0,40553526,"[40560207, 40556272, 40558980, 40555306, 40555420]",55,1717330860,Simple equation predicts the shapes of carbon-capturing wetlands,story,https://www.quantamagazine.org/simple-equation-predicts-the-shapes-of-carbon-capturing-wetlands-20240528/,
55,nathandaly,3.0,40559502,[40561355],26,1717391210,Solar Passes 100% of Power Demand in California [Updated],story,https://cleantechnica.com/2024/06/02/solar-passes-100-of-power-demand-in-california/,
56,animalcule,2.0,40548381,"[40557372, 40558272]",21,1717269844,“You Are My Friend”: Early Androids and Artificial Speech,story,https://publicdomainreview.org/essay/early-androids-and-artificial-speech/?ref=thebrowser.com,
57,ArtTimeInvestor,8.0,40559788,"[40562998, 40561578, 40562398, 40561253, 40560615, 40561530]",37,1717394783,Roaring Kitty posts update about his GameStop position,story,https://old.reddit.com/r/Superstonk/comments/1d6r5vp/gme_yolo_update_june_2_2024/,
58,beefman,30.0,40529098,"[40553053, 40557254, 40553388, 40557805, 40552677]",125,1717105799,Building a Reactor,story,https://www.usnc.com/core-build/,
59,mebcitto,13.0,40542940,"[40553542, 40551909, 40554213]",119,1717216957,How to Distribute Postgres Geographically,story,https://xata.io/blog/geo-distributed-postgres,
60,yeknoda,15.0,40550830,"[40557046, 40552588, 40554635, 40556019, 40552452, 40554568, 40553702]",257,1717294809,Python notebooks for fundamentals of music processing,story,https://www.audiolabs-erlangen.de/resources/MIR/FMP/C0/C0.html,
61,mfiguiere,87.0,40537464,"[40559010, 40548741, 40548708, 40555910, 40549071, 40550657, 40548499, 40549371, 40549858, 40549318]",121,1717174553,The Forgotten History of Chinese Keyboards,story,https://spectrum.ieee.org/chinese-keyboard,
62,raybb,24.0,40557915,"[40558126, 40558123, 40558211, 40559099, 40559046, 40559144, 40558041, 40558028]",66,1717370510,New material looks like frosted glass but lets in more light than a window,story,https://www.popsci.com/technology/glass-coating-privacy/,
63,zdw,326.0,40551725,"[40553066, 40554761, 40552325, 40562096, 40553304, 40562707, 40553102, 40554073, 40553697, 40556181, 40553127, 40552821, 40552695, 40552517, 40552038, 40554217, 40556240, 40554136, 40554074, 40552701, 40552363, 40553270, 40552846, 40553475, 40552597, 40552456, 40558986, 40556589, 40559343, 40553584, 40554123, 40552590, 40552261, 40553071, 40555056, 40553224, 40552929, 40552742, 40553226, 40553919, 40552497, 40553156, 40552625, 40554201, 40552276, 40552057, 40552235, 40552931, 40552236]",515,1717307868,Parable of the Sofa,story,https://www.tbray.org/ongoing/When/202x/2024/06/01/Parable-of-the-Sofa,
64,lostin01010101,138.0,40551070,"[40551569, 40551297, 40553848, 40551371, 40552273, 40552192, 40551600, 40553018, 40552551, 40555118, 40552076, 40551519, 40555140, 40553875, 40552433, 40554351, 40555480, 40553459, 40557584, 40556488, 40555205, 40552538, 40551295, 40551372, 40551278, 40551789, 40556906, 40552524, 40551231, 40551256, 40551481, 40552573, 40555621]",267,1717298222,How do our brains adapt to control an extra body part?,story,https://www.cam.ac.uk/stories/third-thumb,
65,rogerkeays,115.0,40543535,"[40557215, 40557071, 40545892, 40557189, 40547149, 40557433, 40544695, 40560399, 40547546, 40544860, 40556984]",114,1717225353,Re-Evaluating GPT-4's Bar Exam Performance,story,https://link.springer.com/article/10.1007/s10506-024-09396-9,
66,lukko,78.0,40539800,"[40550573, 40549102, 40550046, 40549608, 40548989, 40548548, 40550085, 40550055, 40548896, 40549218, 40548893, 40549365, 40553045, 40549998, 40549277, 40539845, 40554722]",95,1717186983,Show HN: I built an interactive cloth solver for Apple Vision Pro,story,https://www.youtube.com/watch?v=kpD2J85WjzM,"A bit more context - the cloth sim is part of my app, Lungy (<a href=""https:&#x2F;&#x2F;www.lungy.app"" rel=""nofollow"">https:&#x2F;&#x2F;www.lungy.app</a>). It&#x27;s designed to be an active meditation &#x2F; relaxation app, so you can play relaxing instruments in space and immersive breathing exercises. The original Lungy is a breathing app available for iOS, that uses real-time breathing with interactive visuals.<p>The cloth sim is a Verlet integration, running on a regular grid. For now, I have tried a couple of different cloth scenes - a sort of touch reactive &#x27;pad&#x27;, where different parts of the cloth are mapped to different sounds and a cloth that blows in sync with breathing. The collision detection is a little bit tricky with the deforming mesh, but seems to work ok overall. Overall, it seems like a cool interaction to explore.<p>The cloth sim is live on the app store now (and free) - would love to hear feedback from anyone with a Vision Pro.<p>App Store (Vision Pro): <a href=""https:&#x2F;&#x2F;apps.apple.com&#x2F;app&#x2F;id6470201263"" rel=""nofollow"">https:&#x2F;&#x2F;apps.apple.com&#x2F;app&#x2F;id6470201263</a><p>Lungy, original for iOS - <a href=""https:&#x2F;&#x2F;apps.apple.com&#x2F;app&#x2F;id1545223887"" rel=""nofollow"">https:&#x2F;&#x2F;apps.apple.com&#x2F;app&#x2F;id1545223887</a>"
67,tmoertel,13.0,40558995,"[40560268, 40559361, 40559273, 40560409, 40560544, 40561557, 40559188, 40559245, 40560400]",35,1717384047,"DAK Industries Catalog, Early Fall 1985",story,https://archive.org/details/1985.fall.dak,
68,ipnon,121.0,40553551,"[40556699, 40557472, 40557036, 40556718, 40556453, 40556837, 40557819, 40560534, 40558146, 40556681, 40559938, 40557016, 40556989, 40557920, 40557164, 40556609, 40558105, 40556509, 40556705, 40556862, 40556457, 40556604, 40556676, 40556933]",106,1717331157,Monads are like burritos (2009),story,https://blog.plover.com/prog/burritos.html,
69,jkelleyrtp,,40543526,,1,1717225204,Dioxus S23 is hiring a cracked founding engineer (Rust),job,https://www.ycombinator.com/companies/dioxus-labs/jobs/dRPOod2-cracked-founding-systems-engineer-rust,
70,solvent,0.0,40548379,,17,1717269826,At the Webster Apartments,story,https://www.theparisreview.org/blog/2024/05/28/at-the-webster-apartments-one-of-manhattans-last-all-womens-boarding-houses/,
71,mcharytoniuk,20.0,40550059,"[40561605, 40551496, 40559157, 40555284, 40551886]",137,1717284946,Show HN: Open-source load balancer for llama.cpp,story,https://github.com/distantmagic/paddler,Stateful load balancer customized for llama.cpp (with a reverse proxy).
72,dredmorbius,12.0,40549209,"[40553348, 40551805, 40552536, 40553020, 40555806, 40552483, 40554994, 40557612]",95,1717277189,Scientific glassblower continues century-old campus tradition (2021),story,https://chemistry.berkeley.edu/news/scientific-glassblower-continues-century-old-campus-tradition,
73,bckr,138.0,40530719,"[40530809, 40531216, 40554150, 40550643, 40537790, 40550852, 40534643, 40540402, 40550731, 40532693, 40537064, 40542211, 40531730, 40559172, 40557285, 40530970, 40545755, 40530915, 40532754, 40552455, 40548932, 40545019, 40547677, 40554872, 40536054, 40553280, 40554456, 40531967, 40531502, 40547466, 40531433, 40531564, 40537652, 40531718, 40537862, 40550601, 40531507, 40548873, 40550683, 40549924, 40551802, 40552470, 40535991, 40541228, 40539551, 40548274, 40554108, 40531698, 40550075, 40541325, 40531431]",172,1717120645,Ask HN: How to transcribe 1000s of handwritten notes,story,,"I have 10 years’ worth of journals.<p>My handwriting is not great!<p>None of the off the shelf solutions come even close to recognizing my handwriting.<p>Can you think of anything better than just opening every single file and manually transcribing it?<p>I have been thinking about training a model to first divide the images into lines of text. Then, it will be easier to transcribe, and automatically those transcriptions will be associated with areas of the image, in case I figure out a good handwriting model."
74,nickca,113.0,40540952,"[40542678, 40543230, 40542273, 40542185, 40541832, 40543191, 40546555, 40544069, 40548293, 40542803, 40541816, 40543263, 40542204, 40545626, 40542350, 40546817, 40544273, 40545470, 40543863, 40544312, 40547836, 40553688, 40544192, 40545326, 40546936, 40543220, 40542398, 40546711, 40545633, 40551589, 40541895, 40543010, 40542091, 40548454, 40547811, 40542386, 40541967, 40542560, 40542340]",742,1717194188,"UI elements with a hand-drawn, sketchy look",story,https://wiredjs.com/,
75,gone35,15.0,40542691,"[40558758, 40555639, 40543455, 40551556]",57,1717213262,David Hilbert's 1930 Radio Address [video],story,https://www.youtube.com/watch?v=wuLFqgx2Pec,
76,nnx,14.0,40562342,"[40562577, 40562626, 40562598, 40562933, 40562783, 40562646, 40562506, 40562491, 40562594, 40562623]",117,1717420698,DuckDB 1.0.0,story,https://duckdb.org/2024/06/03/announcing-duckdb-100.html,
77,mmastrac,4.0,40556793,"[40558269, 40557714]",28,1717358063,Atomic polling intervals for highly concurrent workloads,story,https://www.byronwasti.com/polling-atomics/,
78,XzetaU8,155.0,40543905,"[40546766, 40554816, 40545184, 40545429, 40559648, 40544926, 40545145, 40544899, 40544897, 40550081, 40548117, 40545157, 40546715]",128,1717230401,Can ketones enhance cognitive function and protect brain networks?,story,https://www.urmc.rochester.edu/news/publications/neuroscience/can-ketones-enhance-cognitive-function-and-protect-brain-networks,
79,diodorus,8.0,40543336,"[40557015, 40557235, 40556935]",18,1717222770,What use is prehistory to the historian?,story,https://www.historytoday.com/archive/head-head/what-use-prehistory-historian,
80,psj,49.0,40549250,"[40553873, 40553308, 40555064, 40552750, 40557971, 40552119, 40552473, 40550484, 40550023, 40552376, 40549791, 40549920, 40554911]",231,1717277532,Lisp: Icing or Cake?,story,https://dthompson.us/posts/lisp-icing-or-cake.html,
81,mkovach,0.0,40562148,[40562410],6,1717418884,"Dealing with ""New"" Old Data",story,https://www.mlb.com/news/baseball-record-books-changing-negro-leagues,
82,rcarmo,3.0,40552885,[40556017],35,1717322837,"Positionhigh/MicroDexed-touch: a DX7 in a box, with a sequencer and tracker",story,https://codeberg.org/positionhigh/MicroDexed-touch,
83,tosh,1.0,40560542,[40561192],7,1717404070,The Popover Drama,story,https://world.hey.com/jorge/the-popover-drama-48e317b3,
84,fanf2,4.0,40548500,"[40554925, 40557851, 40555108]",49,1717270923,History Of Window Systems (2021),story,https://blog.dshr.org/2021/03/history-of-window-systems.html,
85,____milo,3.0,40556327,"[40556346, 40556328]",11,1717353623,"CVE-2016-6187: Yes, I know. It's 8 years ago",story,https://github.com/Milo-D/CVE-2016-6187_LPE,
86,thunderbong,101.0,40543330,"[40543801, 40547487, 40543764, 40543844, 40558757, 40544074, 40544232, 40551753, 40544182, 40555972, 40544993, 40546973, 40545159, 40545605]",185,1717222681,"Nginx Unit: open-source, lightweight and versatile application runtime",story,https://unit.nginx.org/,
87,jader201,380.0,40531100,"[40531956, 40531562, 40532551, 40532095, 40532061, 40532899, 40531750, 40531412, 40532075, 40535270, 40536552, 40536043, 40531599, 40537577, 40532804, 40531793, 40534844, 40537224, 40532552, 40532122, 40531474, 40531748, 40535724, 40536734, 40532808, 40532470, 40532993, 40531462, 40546921, 40539561, 40534671, 40534918, 40532076, 40531896, 40531712, 40533065, 40532596, 40531603, 40538039, 40536326, 40532428, 40537338, 40541586, 40533266, 40537049, 40544743, 40532970, 40539931, 40532351, 40531958, 40539737, 40533397, 40548895, 40536678, 40531937, 40540584, 40535088, 40540386, 40539849, 40531746, 40534016, 40536184, 40533614, 40534185, 40537634, 40536317, 40534019, 40555713, 40531773, 40531590, 40540896, 40546507, 40544696, 40531810, 40540138, 40537476, 40532187, 40534070, 40537649, 40537182, 40532146, 40532346]",985,1717124765,Engineering for Slow Internet,story,https://brr.fyi/posts/engineering-for-slow-internet,
88,linsomniac,1.0,40558872,[40558882],22,1717382133,Loki 3.0.0,story,https://github.com/grafana/loki/releases/tag/v3.0.0,
89,doener,264.0,40560391,"[40560575, 40560693, 40560707, 40560729, 40560642, 40562180, 40562999, 40560775, 40561136, 40560623, 40560664, 40561952, 40560789, 40561316, 40560962, 40560681, 40560830, 40560636, 40561656, 40561154, 40561741, 40560792, 40560773, 40560632, 40561220, 40560619, 40560738, 40560776, 40561137, 40560765, 40560686, 40560573, 40561175, 40560595, 40561319, 40561410, 40561057, 40560720, 40560629, 40560694, 40560634, 40561027, 40560638]",264,1717402427,EU: Users who refuse scanning to be prevented from sharing photos and links,story,https://www.patrick-breyer.de/en/majority-for-chat-control-possible-users-who-refuse-scanning-to-be-prevented-from-sharing-photos-and-links/,
90,bookofjoe,16.0,40558487,"[40558969, 40558745, 40558645, 40558488, 40559489]",25,1717377511,Ecstasy's path to approval for PTSD treatment faces doubts from FDA staff,story,https://www.washingtonpost.com/business/2024/05/31/fda-mdma-ecstasy-therapy/,
91,wormold,0.0,40548367,,18,1717269734,Longitude and our neurons of navigation,story,https://www.forkingpaths.co/p/the-thrilling-tale-of-longitude-and,
92,brunaxLorax,70.0,40544770,"[40545335, 40554632, 40560626, 40545330, 40545925, 40549087, 40546015, 40556618, 40546457, 40545518, 40550779, 40549437, 40545829, 40546142, 40546641, 40549810, 40545578, 40545431, 40545379, 40546141, 40545908, 40545642, 40545913, 40545325, 40545641, 40545388]",99,1717241068,Show HN: I built a backend so simple that it fits in a YAML file,story,https://manifest.build,
93,lxm,694.0,40534740,"[40536244, 40535313, 40563032, 40535095, 40550649, 40535112, 40535614, 40534852, 40535263, 40549909, 40535125, 40535377, 40552203, 40549715, 40556679, 40549937, 40554677, 40535048, 40551508, 40552974, 40550076, 40552649, 40554033, 40549589, 40549141, 40551461, 40534969, 40535053, 40535259, 40535120, 40550136, 40535257, 40550815, 40550824, 40549033, 40548737, 40550033, 40555891]",261,1717161272,"In Colorado, an ambitious new highway policy is not building them",story,https://www.nytimes.com/2024/05/31/headway/highways-colorado-transportation.html,
94,udev4096,93.0,40554658,"[40556031, 40557081, 40555509, 40556398, 40555173, 40555429, 40555150, 40557552, 40556223, 40557323, 40556049, 40556317, 40555388, 40555724, 40555019]",114,1717339880,A secure embedded operating system for microcontrollers,story,https://tockos.org/,
95,z3phyr,93.0,40543651,"[40545615, 40545346, 40544141, 40548081, 40543951, 40545155, 40544831, 40547664, 40543959, 40544064, 40544144, 40545041, 40543949, 40547762, 40547972, 40546949, 40546938, 40544186, 40546710, 40546974, 40546823]",349,1717226748,ROOT: analyzing petabytes of data scientifically,story,https://root.cern/,
96,jwilk,9.0,40562730,"[40562994, 40562865, 40562911, 40562909, 40562837]",7,1717423440,AI Will Increase the Quantity–and Quality–of Phishing Scams,story,https://www.schneier.com/academic/archives/2024/06/ai-will-increase-the-quantity-and-quality-of-phishing-scams.html,
97,wonger_,10.0,40539041,"[40548610, 40552196, 40549264, 40548302, 40550018, 40551559, 40548817]",74,1717182253,Linear Clock (2021),story,https://engineer.john-whittington.co.uk/electronics/fabrication/mechanical/clock/2021/06/16/linear-clock.html,
98,beardyw,134.0,40544407,"[40550473, 40552005, 40551781, 40549059, 40548996, 40550983, 40552177, 40549463, 40552518, 40552283, 40550628, 40552697, 40552097, 40552608, 40553236, 40548938, 40544606, 40552540, 40552346, 40557792, 40548789, 40549029]",259,1717237107,Einstein went to his office just so he could walk home with Gödel,story,https://www.futilitycloset.com/2024/05/31/footwork-10/,
99,todsacerdoti,2.0,40562550,"[40562892, 40562887, 40562855]",6,1717422088,Don't name packages common nouns,story,https://brandur.org/fragments/go-no-common-nouns,
